,grid_topology,pv_penetration,hp_penetration,ev_penetration,lem_with_lem,average_energy_price_with_lem,avg_share_balancing_energy_with_lem,avg_normalized_market_energy_with_lem,avg_ratio_gen_dem_with_lem,avg_ratio_hp_hh_with_lem,avg_ratio_pv_hp_with_lem,peak_power_with_lem,season_with_lem,max_loads_with_lem,grid_topology_without_lem,lem_without_lem,average_energy_price_without_lem,avg_share_balancing_energy_without_lem,avg_normalized_market_energy_without_lem,avg_ratio_gen_dem_without_lem,avg_ratio_hp_hh_without_lem,avg_ratio_pv_hp_without_lem,peak_power_without_lem,season_without_lem,max_loads_without_lem,average_energy_price_ratio,peak_power_ratio,max_loads_ratio
0,Countryside,0.0,0.0,0.0,True,0.3904,0.1225,0.2056,0.0,0.0,0.0,-24.48,winter,19.8,Countryside,False,0.3767,0.0,0.1751,0.0,0.0,0.0,-24.48,winter,19.8,1.036368462967879,1.0,1.0
1,Countryside,0.0,0.0,0.25,True,0.389,0.1211,0.2079,0.0,0.0,0.0,-26.42,summer,20.24,Countryside,False,0.3767,0.0,0.1801,0.0,0.0,0.0,-31.636,summer,22.46,1.0326519777010885,0.8351245416613985,0.9011576135351735
2,Countryside,0.0,0.0,0.5,True,0.3865,0.1211,0.2079,0.0,0.0,0.0,-37.744,summer,21.54,Countryside,False,0.3767,0.0,0.1872,0.0,0.0,0.0,-37.692,winter,25.58,1.0260153968675338,1.0013796030988007,0.8420641125879593
3,Countryside,0.0,0.0,0.75,True,0.3843,0.1221,0.2057,0.0,0.0,0.0,-38.3,summer,22.24,Countryside,False,0.3767,0.0,0.1933,0.0,0.0,0.0,-48.692,winter,28.23,1.0201752057340059,0.7865768504066376,0.7878143818632659
4,Countryside,0.0,0.0,1.0,True,0.3835,0.1209,0.2075,0.0,0.0,0.0,-40.672,transition,23.59,Countryside,False,0.3767,0.0,0.1991,0.0,0.0,0.0,-56.076,winter,30.7,1.0180514998672685,0.7253013767030458,0.7684039087947883
5,Countryside,0.0,0.25,0.0,True,0.3855,0.139,0.3098,0.0,0.7508,0.0,-80.404,winter,49.19,Countryside,False,0.3767,0.0,0.3019,0.0,0.7253,0.0,-74.588,winter,51.67,1.023360764534112,1.0779750093848877,0.9520030965744145
6,Countryside,0.0,0.25,0.25,True,0.3851,0.1426,0.3135,0.0,0.7504,0.0,-80.404,winter,49.77,Countryside,False,0.3767,0.0,0.3068,0.0,0.7253,0.0,-74.588,winter,52.41,1.0222989116007433,1.0779750093848877,0.949627933600458
7,Countryside,0.0,0.25,0.5,True,0.3835,0.1424,0.3134,0.0,0.7504,0.0,-80.404,winter,50.14,Countryside,False,0.3767,0.0,0.314,0.0,0.7253,0.0,-74.588,winter,52.61,1.0180514998672685,1.0779750093848877,0.9530507508078312
8,Countryside,0.0,0.25,0.75,True,0.382,0.1433,0.3113,0.0,0.7504,0.0,-82.096,winter,50.69,Countryside,False,0.3767,0.0,0.32,0.0,0.7253,0.0,-82.632,winter,53.22,1.0140695513671356,0.9935134088488721,0.9524614806463735
9,Countryside,0.0,0.25,1.0,True,0.3816,0.1426,0.3131,0.0,0.7504,0.0,-82.72,winter,51.24,Countryside,False,0.3767,0.0,0.3259,0.0,0.7253,0.0,-84.152,winter,54.0,1.013007698433767,0.9829831733054473,0.9488888888888889
10,Countryside,0.0,0.5,0.0,True,0.3834,0.1413,0.3554,0.0,1.121,0.0,-101.524,winter,65.53,Countryside,False,0.3767,0.0,0.3624,0.0,1.0713,0.0,-89.064,winter,69.35,1.0177860366339264,1.1398993981855745,0.9449170872386446
11,Countryside,0.0,0.5,0.25,True,0.3831,0.1443,0.3591,0.0,1.1207,0.0,-101.524,winter,65.74,Countryside,False,0.3767,0.0,0.3673,0.0,1.0713,0.0,-89.064,winter,69.68,1.0169896469338997,1.1398993981855745,0.9434557979334097
12,Countryside,0.0,0.5,0.5,True,0.3826,0.1456,0.3655,0.0,1.1221,0.0,-101.524,winter,66.71,Countryside,False,0.3767,0.0,0.3745,0.0,1.0713,0.0,-89.064,winter,69.88,1.0156623307671888,1.1398993981855745,0.9546365197481397
13,Countryside,0.0,0.5,0.75,True,0.3814,0.1463,0.3634,0.0,1.1221,0.0,-103.216,winter,67.3,Countryside,False,0.3767,0.0,0.3806,0.0,1.0713,0.0,-93.956,winter,70.33,1.0124767719670826,1.0985567712546298,0.9569173894497369
14,Countryside,0.0,0.5,1.0,True,0.381,0.1458,0.3651,0.0,1.1221,0.0,-103.84,winter,67.98,Countryside,False,0.3767,0.0,0.3864,0.0,1.0713,0.0,-95.476,winter,71.52,1.0114149190337138,1.0876031672881143,0.9505033557046981
15,Countryside,0.0,0.75,0.0,True,0.3809,0.1433,0.4555,0.0,1.8614,0.0,-134.392,winter,86.32,Countryside,False,0.3767,0.0,0.4861,0.0,1.7855,0.0,-113.76,winter,88.94,1.0111494558003717,1.1813642756680731,0.9705419383854283
16,Countryside,0.0,0.75,0.25,True,0.3807,0.1454,0.4591,0.0,1.8609,0.0,-134.392,winter,86.35,Countryside,False,0.3767,0.0,0.491,0.0,1.7855,0.0,-113.76,winter,89.56,1.0106185293336873,1.1813642756680731,0.9641581062974541
17,Countryside,0.0,0.75,0.5,True,0.3804,0.1459,0.4656,0.0,1.8623,0.0,-134.392,winter,87.3,Countryside,False,0.3767,0.0,0.4982,0.0,1.7855,0.0,-113.76,winter,89.79,1.0098221396336609,1.1813642756680731,0.9722686267958569
18,Countryside,0.0,0.75,0.75,True,0.3804,0.1516,0.4708,0.0,1.8676,0.0,-134.392,winter,87.94,Countryside,False,0.3767,0.0,0.5042,0.0,1.7855,0.0,-114.456,winter,90.26,1.0098221396336609,1.174180471098064,0.9742964768446709
19,Countryside,0.0,0.75,1.0,True,0.3801,0.1513,0.4726,0.0,1.8676,0.0,-135.016,winter,88.51,Countryside,False,0.3767,0.0,0.51,0.0,1.7855,0.0,-115.976,winter,91.06,1.0090257499336341,1.1641718976339932,0.9719964858335164
20,Countryside,0.0,1.0,0.0,True,0.3802,0.1506,0.4876,0.0,2.1331,0.0,-150.144,winter,95.75,Countryside,False,0.3767,0.0,0.5319,0.0,2.0502,0.0,-131.552,winter,96.87,1.0092912131669765,1.141328144003892,0.9884381129348611
21,Countryside,0.0,1.0,0.25,True,0.38,0.1524,0.4914,0.0,2.1328,0.0,-150.144,winter,95.76,Countryside,False,0.3767,0.0,0.5368,0.0,2.0502,0.0,-131.552,winter,97.5,1.008760286700292,1.141328144003892,0.9821538461538462
22,Countryside,0.0,1.0,0.5,True,0.3797,0.1526,0.4978,0.0,2.1342,0.0,-150.144,winter,96.69,Countryside,False,0.3767,0.0,0.5439,0.0,2.0502,0.0,-131.552,winter,97.73,1.0079638970002656,1.141328144003892,0.9893584365087486
23,Countryside,0.0,1.0,0.75,True,0.3797,0.1576,0.5031,0.0,2.1394,0.0,-150.144,winter,97.42,Countryside,False,0.3767,0.0,0.55,0.0,2.0502,0.0,-131.552,winter,98.1,1.0079638970002656,1.141328144003892,0.9930682976554537
24,Countryside,0.0,1.0,1.0,True,0.3797,0.1581,0.5063,0.0,2.1419,0.0,-150.144,winter,98.3,Countryside,False,0.3767,0.0,0.5558,0.0,2.0502,0.0,-131.552,winter,98.65,1.0079638970002656,1.141328144003892,0.9964521033958438
25,Countryside,0.25,0.0,0.0,True,0.3413,0.248,0.1966,0.3469,0.0,inf,-21.264000000000003,winter,17.77,Countryside,False,0.3416,0.0,0.1894,0.3364,0.0,inf,-21.128,winter,17.51,0.9991217798594847,1.0064369556985993,1.0148486579097658
26,Countryside,0.25,0.0,0.25,True,0.3393,0.2429,0.1972,0.3377,0.0,inf,23.12,summer,18.37,Countryside,False,0.3415,0.0,0.194,0.3338,0.0,inf,-31.428,winter,19.56,0.9935578330893118,0.7356497390861653,0.9391615541922291
27,Countryside,0.25,0.0,0.5,True,0.3362,0.222,0.2067,0.3228,0.0,inf,-32.58,summer,20.19,Countryside,False,0.3429,0.0,0.2012,0.321,0.0,inf,-37.692,winter,22.23,0.9804607757363664,0.8643744030563514,0.9082321187584346
28,Countryside,0.25,0.0,0.75,True,0.3355,0.2002,0.2148,0.3104,0.0,inf,-36.372,summer,21.98,Countryside,False,0.3439,0.0,0.2072,0.3118,0.0,inf,-48.692,winter,24.67,0.975574294853155,0.7469810235767682,0.8909606809890555
29,Countryside,0.25,0.0,1.0,True,0.3365,0.1946,0.2149,0.3063,0.0,inf,-37.14,winter,23.74,Countryside,False,0.3446,0.0,0.2131,0.3068,0.0,inf,-52.992,winter,27.63,0.9764944863609982,0.7008605072463768,0.859211002533478
30,Countryside,0.25,0.25,0.0,True,0.3073,0.2005,0.2903,0.4171,0.7704,4.3166,-80.404,winter,47.74,Countryside,False,0.3342,0.0,0.3223,0.4332,0.7253,6.3785,-66.3,winter,49.81,0.919509275882705,1.2127300150829563,0.9584420799036338
31,Countryside,0.25,0.25,0.25,True,0.3062,0.1905,0.2944,0.4072,0.7686,4.4017,-80.404,winter,47.7,Countryside,False,0.3344,0.0,0.3266,0.4233,0.7253,6.3785,-66.3,winter,50.67,0.9156698564593303,1.2127300150829563,0.941385435168739
32,Countryside,0.25,0.25,0.5,True,0.3084,0.1744,0.3036,0.3923,0.7704,4.3908,-80.404,winter,48.68,Countryside,False,0.3357,0.0,0.3337,0.4097,0.7253,6.3785,-71.632,winter,50.87,0.9186773905272565,1.1224592360955996,0.9569490859052487
33,Countryside,0.25,0.25,0.75,True,0.3078,0.1618,0.3115,0.3784,0.7695,4.4005,-82.096,winter,48.73,Countryside,False,0.3365,0.0,0.3397,0.4002,0.7253,6.3785,-82.632,winter,51.44,0.9147102526002971,0.9935134088488721,0.9473172628304821
34,Countryside,0.25,0.25,1.0,True,0.3098,0.1576,0.313,0.377,0.7704,4.3991,-82.72,winter,49.88,Countryside,False,0.3371,0.0,0.3456,0.3963,0.7253,6.3785,-84.152,winter,52.23,0.9190151290418274,0.9829831733054473,0.955006701129619
35,Countryside,0.25,0.5,0.0,True,0.3121,0.18,0.3398,0.3862,1.1371,3.1638,-101.524,winter,64.85,Countryside,False,0.3389,0.0,0.3828,0.403,1.0713,4.7506,-86.268,winter,67.26,0.9209206255532606,1.1768442527936198,0.9641688968183169
36,Countryside,0.25,0.5,0.25,True,0.3126,0.1707,0.3455,0.3772,1.1381,3.168,-101.524,winter,65.27,Countryside,False,0.339,0.0,0.387,0.3938,1.0713,4.7506,-86.268,winter,67.72,0.9221238938053097,1.1768442527936198,0.9638216184288245
37,Countryside,0.25,0.5,0.5,True,0.3142,0.1693,0.362,0.3646,1.1394,3.1046,-101.524,winter,66.09,Countryside,False,0.3401,0.0,0.3942,0.3815,1.0713,4.7506,-86.268,winter,67.92,0.9238459276683327,1.1768442527936198,0.9730565371024735
38,Countryside,0.25,0.5,0.75,True,0.3152,0.1601,0.3647,0.3527,1.1414,3.1033,-103.216,winter,68.09,Countryside,False,0.3408,0.0,0.4002,0.3729,1.0713,4.7506,-93.956,winter,68.39,0.9248826291079811,1.0985567712546298,0.9956133937710192
39,Countryside,0.25,0.5,1.0,True,0.3157,0.162,0.3589,0.3494,1.1387,3.1515,-103.864,winter,67.21,Countryside,False,0.3412,0.0,0.4061,0.3698,1.0713,4.7506,-95.476,winter,69.54,0.925263774912075,1.087854539360677,0.9664941041127407
40,Countryside,0.25,0.75,0.0,True,0.3246,0.1532,0.4473,0.3259,1.8704,1.5169,-134.392,winter,85.12,Countryside,False,0.3473,0.0,0.5064,0.3349,1.7853,1.6589,-104.432,winter,86.82,0.9346386409444285,1.2868852459016393,0.9804192582354297
41,Countryside,0.25,0.75,0.25,True,0.3247,0.1498,0.4526,0.3196,1.871,1.5297,-134.392,winter,85.38,Countryside,False,0.3474,0.0,0.5107,0.3278,1.7854,1.6589,-105.288,winter,87.48,0.934657455382844,1.2764227642276422,0.9759945130315499
42,Countryside,0.25,0.75,0.5,True,0.3267,0.1496,0.4627,0.3075,1.8756,1.4841,-134.392,winter,87.62,Countryside,False,0.348,0.0,0.5178,0.3186,1.7854,1.6589,-105.288,winter,87.71,0.9387931034482759,1.2764227642276422,0.9989738912324707
43,Countryside,0.25,0.75,0.75,True,0.3286,0.1559,0.4681,0.3014,1.8762,1.4888,-134.392,winter,86.81,Countryside,False,0.3485,0.0,0.5239,0.3121,1.7854,1.6589,-114.456,winter,88.14,0.9428981348637017,1.174180471098064,0.9849103698661221
44,Countryside,0.25,0.75,1.0,True,0.327,0.1489,0.4803,0.2975,1.8773,1.5095,-135.016,winter,89.2,Countryside,False,0.3488,0.0,0.5297,0.31,1.7854,1.6589,-115.976,winter,88.97,0.9375,1.1641718976339932,1.0025851410587838
45,Countryside,0.25,1.0,0.0,True,0.327,0.1503,0.4872,0.3105,2.1436,1.2681,-150.144,winter,94.06,Countryside,False,0.3495,0.0,0.5522,0.3163,2.0498,1.332,-114.096,winter,93.82,0.9356223175965667,1.3159444678165755,1.002558089959497
46,Countryside,0.25,1.0,0.25,True,0.3269,0.1517,0.487,0.305,2.1414,1.2802,-150.144,winter,95.38,Countryside,False,0.3495,0.0,0.5564,0.3098,2.05,1.332,-116.496,winter,94.97,0.9353361945636625,1.288833951380305,1.00431715278509
47,Countryside,0.25,1.0,0.5,True,0.3308,0.1508,0.4959,0.2955,2.1426,1.2673,-150.144,winter,95.48,Countryside,False,0.3501,0.0,0.5636,0.3013,2.05,1.332,-116.496,winter,95.2,0.9448728934590116,1.288833951380305,1.0029411764705882
48,Countryside,0.25,1.0,0.75,True,0.3296,0.1573,0.5,0.2874,2.1462,1.2595,-150.144,winter,95.78,Countryside,False,0.3505,0.0,0.5697,0.2954,2.05,1.332,-117.36,winter,95.58,0.9403708987161199,1.2793456032719837,1.0020924879681943
49,Countryside,0.25,1.0,1.0,True,0.3299,0.1545,0.5129,0.2843,2.148,1.2425,-150.144,winter,97.32,Countryside,False,0.3507,0.0,0.5755,0.2935,2.05,1.332,-118.88,winter,96.21,0.9406900484744797,1.2629878869448183,1.0115372622388525
50,Countryside,0.5,0.0,0.0,True,0.2878,0.2477,0.1957,0.6492,0.0,inf,46.48,summer,24.87,Countryside,False,0.2939,0.0,0.1904,0.6551,0.0,inf,32.092,transition,23.95,0.9792446410343655,1.4483360339025302,1.0384133611691024
51,Countryside,0.5,0.0,0.25,True,0.2854,0.2423,0.2005,0.6424,0.0,inf,48.80800000000001,summer,27.68,Countryside,False,0.2946,0.0,0.1969,0.6548,0.0,inf,33.727999999999994,transition,25.79,0.9687712152070604,1.447106261859583,1.0732842186894145
52,Countryside,0.5,0.0,0.5,True,0.2797,0.2274,0.2025,0.5997,0.0,inf,53.528,summer,27.32,Countryside,False,0.2951,0.0,0.2006,0.6295,0.0,inf,-37.692,winter,25.98,0.9478143002372078,1.4201422052424917,1.0515781370284834
53,Countryside,0.5,0.0,0.75,True,0.2826,0.2072,0.2106,0.5756,0.0,inf,53.424,summer,26.77,Countryside,False,0.2976,0.0,0.2066,0.6126,0.0,inf,-48.692,winter,26.82,0.9495967741935485,1.0971822886716505,0.9981357196122297
54,Countryside,0.5,0.0,1.0,True,0.2838,0.1968,0.2139,0.5672,0.0,inf,50.66,summer,28.39,Countryside,False,0.2992,0.0,0.2125,0.6034,0.0,inf,-52.268,winter,28.82,0.9485294117647058,0.9692354786867681,0.9850798056904927
55,Countryside,0.5,0.25,0.0,True,0.2718,0.1999,0.3044,0.662,0.7723,7.6562,85.768,summer,52.01,Countryside,False,0.2998,0.0,0.3307,0.7176,0.7253,11.3054,-65.972,winter,49.31,0.9066044029352901,1.300066694961499,1.0547556276617318
56,Countryside,0.5,0.25,0.25,True,0.27,0.2036,0.305,0.6533,0.7692,7.7634,-80.188,winter,48.93,Countryside,False,0.3008,0.0,0.335,0.7009,0.7253,11.3054,-65.972,winter,50.16,0.8976063829787234,1.215485357424362,0.9754784688995216
57,Countryside,0.5,0.25,0.5,True,0.2672,0.1849,0.3044,0.6115,0.7701,7.7763,-80.032,winter,53.95,Countryside,False,0.3002,0.0,0.3376,0.6767,0.7253,11.3054,-71.108,winter,50.38,0.8900732844770153,1.1254992405917759,1.0708614529575229
58,Countryside,0.5,0.25,0.75,True,0.2693,0.1686,0.3131,0.596,0.7695,7.7788,-81.936,winter,51.62,Countryside,False,0.3018,0.0,0.3437,0.6616,0.7253,11.3054,-82.108,winter,50.92,0.8923127899271039,0.9979051980318605,1.0137470542026707
59,Countryside,0.5,0.25,1.0,True,0.2705,0.1659,0.3165,0.5888,0.7695,7.7493,-82.248,winter,53.98,Countryside,False,0.3027,0.0,0.3495,0.6555,0.7253,11.3054,-83.628,winter,51.7,0.893624050214734,0.9834983498349835,1.044100580270793
60,Countryside,0.5,0.5,0.0,True,0.2726,0.1872,0.3329,0.609,1.1455,5.0026,-101.524,winter,65.36,Countryside,False,0.3029,0.0,0.3813,0.6699,1.0713,8.4252,-86.268,winter,67.21,0.8999669858038957,1.1768442527936198,0.9724743341764619
61,Countryside,0.5,0.5,0.25,True,0.2722,0.1781,0.3412,0.5934,1.1427,5.1833,-101.524,winter,66.38,Countryside,False,0.3038,0.0,0.3855,0.6544,1.0713,8.4252,-86.268,winter,67.66,0.8959842001316655,1.1768442527936198,0.9810818799881762
62,Countryside,0.5,0.5,0.5,True,0.2736,0.179,0.3437,0.5627,1.143,5.2049,-101.524,winter,66.17,Countryside,False,0.3039,0.0,0.3899,0.6319,1.0713,8.4252,-86.268,winter,67.87,0.9002961500493584,1.1768442527936198,0.974952114336231
63,Countryside,0.5,0.5,0.75,True,0.2752,0.165,0.3528,0.5434,1.1435,5.1912,-103.216,winter,67.05,Countryside,False,0.3054,0.0,0.396,0.6182,1.0713,8.4252,-93.956,winter,68.35,0.9011132940406025,1.0985567712546298,0.9809802487198245
64,Countryside,0.5,0.5,1.0,True,0.2759,0.1589,0.3578,0.5428,1.1443,5.2168,-103.84,winter,68.03,Countryside,False,0.3062,0.0,0.4018,0.6132,1.0713,8.4252,-95.476,winter,69.49,0.9010450685826256,1.0876031672881143,0.9789897827025472
65,Countryside,0.5,0.75,0.0,True,0.2915,0.1482,0.4513,0.5114,1.8821,2.5049,-134.392,winter,85.51,Countryside,False,0.3189,0.0,0.505,0.5625,1.7853,2.9315,-104.432,winter,86.66,0.9140796487927249,1.2868852459016393,0.986729748442188
66,Countryside,0.5,0.75,0.25,True,0.2913,0.1508,0.4525,0.5037,1.8806,2.5452,-134.392,winter,86.77,Countryside,False,0.3194,0.0,0.5091,0.5503,1.7854,2.9315,-105.288,winter,87.33,0.9120225422667502,1.2764227642276422,0.9935875415092179
67,Countryside,0.5,0.75,0.5,True,0.2921,0.1513,0.4531,0.4804,1.8815,2.5612,-134.392,winter,86.63,Countryside,False,0.3191,0.0,0.5135,0.5331,1.7854,2.9315,-105.288,winter,87.55,0.915387026010655,1.2764227642276422,0.9894917190177042
68,Countryside,0.5,0.75,0.75,True,0.2937,0.1557,0.4612,0.4659,1.8822,2.5302,-134.392,winter,86.08,Countryside,False,0.3201,0.0,0.5196,0.5227,1.7854,2.9315,-114.456,winter,87.99,0.9175257731958764,1.174180471098064,0.9782929878395272
69,Countryside,0.5,0.75,1.0,True,0.2934,0.149,0.4706,0.4661,1.8842,2.5861,-135.016,winter,86.59,Countryside,False,0.3206,0.0,0.5254,0.5193,1.7854,2.9315,-115.976,winter,88.81,0.9151590767311292,1.1641718976339932,0.975002814998311
70,Countryside,0.5,1.0,0.0,True,0.2965,0.1491,0.4878,0.487,2.1517,2.1346,-150.144,winter,96.02,Countryside,False,0.323,0.0,0.5507,0.5326,2.0498,2.3524,-114.096,winter,93.65,0.9179566563467492,1.3159444678165755,1.0253069941270687
71,Countryside,0.5,1.0,0.25,True,0.2962,0.1522,0.4843,0.4829,2.1485,2.179,-150.144,winter,95.63,Countryside,False,0.3234,0.0,0.5549,0.5213,2.05,2.3524,-116.496,winter,94.79,0.9158936301793444,1.288833951380305,1.0088616942715476
72,Countryside,0.5,1.0,0.5,True,0.2955,0.1506,0.4883,0.4582,2.1499,2.1622,-150.144,winter,94.96,Countryside,False,0.3231,0.0,0.5593,0.5056,2.05,2.3524,-116.496,winter,95.03,0.914577530176416,1.288833951380305,0.9992633905082605
73,Countryside,0.5,1.0,0.75,True,0.2983,0.1537,0.4994,0.4462,2.155,2.1624,-150.144,winter,95.52,Countryside,False,0.324,0.0,0.5654,0.496,2.05,2.3524,-117.36,winter,95.41,0.9206790123456791,1.2793456032719837,1.001152918981239
74,Countryside,0.5,1.0,1.0,True,0.2986,0.1582,0.5012,0.445,2.155,2.12,-150.144,winter,96.58,Countryside,False,0.3244,0.0,0.5712,0.4929,2.05,2.3524,-118.88,winter,96.06,0.9204685573366214,1.2629878869448183,1.0054132833645637
75,Countryside,0.75,0.0,0.0,True,0.2471,0.2459,0.2193,0.976,0.0,inf,72.71600000000001,summer,51.97,Countryside,False,0.2509,0.0,0.2126,1.0114,0.0,inf,56.624,summer,51.43,0.9848545237146272,1.2841904492794576,1.0104997083414349
76,Countryside,0.75,0.0,0.25,True,0.2418,0.2378,0.2323,0.9837,0.0,inf,91.58,summer,57.37,Countryside,False,0.2515,0.0,0.2259,1.0403,0.0,inf,60.84,summer,55.43,0.961431411530815,1.5052596975673898,1.0349990979613928
77,Countryside,0.75,0.0,0.5,True,0.2434,0.2245,0.2358,0.9482,0.0,inf,60.74000000000001,summer,47.45,Countryside,False,0.2537,0.0,0.2295,0.9993,0.0,inf,60.652,summer,55.23,0.9594008671659441,1.0014509002176353,0.8591345283360493
78,Countryside,0.75,0.0,0.75,True,0.2387,0.212,0.232,0.892,0.0,inf,74.296,summer,48.25,Countryside,False,0.2542,0.0,0.2311,0.9704,0.0,inf,60.652,summer,54.91,0.9390243902439025,1.2249554837433227,0.8787106173738846
79,Countryside,0.75,0.0,1.0,True,0.2412,0.1993,0.2413,0.8758,0.0,inf,79.236,summer,49.29,Countryside,False,0.2566,0.0,0.2369,0.957,0.0,inf,60.652,summer,54.92,0.9399844115354637,1.306403745960562,0.8974872541879096
80,Countryside,0.75,0.25,0.0,True,0.2299,0.2041,0.4419,1.2733,0.7669,18.6438,131.668,summer,98.87,Countryside,False,0.27,0.0,0.4741,1.5167,0.7253,27.8319,115.42,summer,107.37,0.8514814814814814,1.1407728296655693,0.920834497531899
81,Countryside,0.75,0.25,0.25,True,0.2288,0.1969,0.4466,1.1812,0.7714,19.0357,186.948,summer,109.88,Countryside,False,0.2716,0.0,0.4784,1.479,0.7253,27.8336,115.432,summer,107.33,0.8424153166421208,1.6195509044285814,1.0237585018168265
82,Countryside,0.75,0.25,0.5,True,0.2296,0.186,0.4495,1.1526,0.7684,18.8241,153.588,summer,107.24,Countryside,False,0.2719,0.0,0.481,1.4212,0.7253,27.8336,115.432,summer,106.84,0.8444280985656492,1.3305495876360107,1.0037439161362784
83,Countryside,0.75,0.25,0.75,True,0.2267,0.1787,0.4431,1.1269,0.7723,18.8053,177.004,summer,95.91,Countryside,False,0.269,0.0,0.4773,1.3844,0.7253,27.8336,115.432,summer,106.42,0.8427509293680298,1.5334049483678702,0.9012403683518135
84,Countryside,0.75,0.25,1.0,True,0.2296,0.1715,0.4511,1.1262,0.7717,18.9944,136.652,summer,91.12,Countryside,False,0.2702,0.0,0.4832,1.373,0.7253,27.8336,115.432,summer,106.42,0.8497409326424871,1.183831173331485,0.8562300319488818
85,Countryside,0.75,0.5,0.0,True,0.2381,0.1866,0.4819,1.1769,1.1453,12.1967,150.656,summer,100.88,Countryside,False,0.2757,0.0,0.5246,1.4338,1.0713,20.7681,115.092,summer,106.94,0.863619876677548,1.3090049699370938,0.9433327099308023
86,Countryside,0.75,0.5,0.25,True,0.2341,0.1815,0.483,1.0956,1.1486,12.5545,184.86,summer,114.41,Countryside,False,0.2771,0.0,0.5289,1.3982,1.0713,20.7694,115.104,summer,106.89,0.8448213641284734,1.606025854879066,1.0703526990363925
87,Countryside,0.75,0.5,0.5,True,0.2398,0.1843,0.4943,1.1194,1.146,12.7602,129.93599999999998,summer,97.39,Countryside,False,0.2781,0.0,0.5332,1.3448,1.0713,20.7694,114.896,summer,106.4,0.862279755483639,1.1309009887202337,0.9153195488721804
88,Countryside,0.75,0.5,0.75,True,0.2366,0.1687,0.4926,1.0402,1.1463,12.7755,157.908,summer,105.07,Countryside,False,0.2754,0.0,0.5296,1.3113,1.0713,20.7694,114.896,summer,106.01,0.8591140159767612,1.3743559392842222,0.9911329119894349
89,Countryside,0.75,0.5,1.0,True,0.2359,0.1694,0.4903,1.0354,1.1432,12.6647,164.956,summer,99.99,Countryside,False,0.2764,0.0,0.5355,1.3015,1.0713,20.7694,114.896,summer,106.01,0.8534732272069465,1.4356983707004594,0.943212904442977
90,Countryside,0.75,0.75,0.0,True,0.2364,0.1503,0.5128,0.9588,1.9104,4.599,154.95600000000002,summer,110.62,Countryside,False,0.2703,0.0,0.578,1.2092,1.7853,7.169,115.092,summer,106.84,0.8745837957824639,1.3463663851527474,1.0353800074878323
91,Countryside,0.75,0.75,0.25,True,0.2385,0.1519,0.5163,0.9804,1.9125,4.6473,-134.392,winter,99.51,Countryside,False,0.2716,0.0,0.5823,1.1823,1.7854,7.1694,115.104,summer,106.88,0.8781296023564065,1.1675701973867112,0.9310441616766468
92,Countryside,0.75,0.75,0.5,True,0.2407,0.149,0.5249,0.9355,1.9089,4.6753,136.208,summer,101.69,Countryside,False,0.2724,0.0,0.5867,1.1422,1.7854,7.1694,114.896,summer,106.53,0.8836270190895742,1.185489486143991,0.9545667886980193
93,Countryside,0.75,0.75,0.75,True,0.2386,0.1508,0.5202,0.8461,1.9154,5.0204,201.46,summer,125.44,Countryside,False,0.2719,0.0,0.5882,1.1178,1.7854,7.1694,114.896,summer,106.34,0.8775285031261494,1.7534117810889849,1.179612563475644
94,Countryside,0.75,0.75,1.0,True,0.2433,0.1446,0.5294,0.9238,1.9171,5.0243,-135.016,winter,94.31,Countryside,False,0.2727,0.0,0.594,1.1111,1.7854,7.1694,-115.976,winter,106.45,0.8921892189218922,1.1641718976339932,0.885955847815876
95,Countryside,0.75,1.0,0.0,True,0.2466,0.1499,0.5481,0.9468,2.1821,4.0491,-150.144,winter,105.28,Countryside,False,0.278,0.0,0.6238,1.1524,2.0498,5.7448,115.092,summer,107.77,0.8870503597122302,1.3045563549160673,0.9768952398626706
96,Countryside,0.75,1.0,0.25,True,0.2456,0.1493,0.5545,0.923,2.1817,4.0977,179.036,summer,107.23,Countryside,False,0.2791,0.0,0.6281,1.1273,2.05,5.7451,-116.496,winter,108.0,0.8799713364385525,1.5368424666941356,0.9928703703703704
97,Countryside,0.75,1.0,0.5,True,0.2474,0.1449,0.5677,0.8933,2.1823,4.1095,-150.144,winter,104.59,Countryside,False,0.2797,0.0,0.6325,1.0902,2.05,5.7451,-116.496,winter,107.76,0.8845191276367537,1.288833951380305,0.9705827765404602
98,Countryside,0.75,1.0,0.75,True,0.2501,0.1502,0.5611,0.8952,2.1842,4.4117,-150.144,winter,96.79,Countryside,False,0.2791,0.0,0.634,1.0674,2.05,5.7451,-117.36,winter,107.64,0.8960945897527767,1.2793456032719837,0.8992010405053884
99,Countryside,0.75,1.0,1.0,True,0.2488,0.1495,0.5679,0.8457,2.1853,4.4291,-150.144,winter,114.55,Countryside,False,0.2798,0.0,0.6398,1.0615,2.05,5.7451,-118.88,winter,107.76,0.8892065761258041,1.2629878869448183,1.0630103934669635
100,Countryside,1.0,0.0,0.0,True,0.2188,0.2528,0.232,1.1849,0.0,inf,99.832,summer,68.37,Countryside,False,0.2206,0.0,0.2276,1.2459,0.0,inf,76.572,summer,71.08,0.9918404351767905,1.3037663898030611,0.9618739448508723
101,Countryside,1.0,0.0,0.25,True,0.2166,0.2453,0.247,1.2049,0.0,inf,93.096,summer,70.14,Countryside,False,0.2217,0.0,0.2407,1.2682,0.0,inf,80.78800000000001,summer,75.1,0.9769959404600811,1.1523493588156657,0.9339547270306259
102,Countryside,1.0,0.0,0.5,True,0.2164,0.2292,0.2503,1.1233,0.0,inf,98.86,summer,68.67,Countryside,False,0.2252,0.0,0.2444,1.2187,0.0,inf,80.604,summer,74.88,0.9609236234458259,1.2264900004962533,0.9170673076923078
103,Countryside,1.0,0.0,0.75,True,0.2147,0.2191,0.2455,1.0795,0.0,inf,94.928,summer,64.05,Countryside,False,0.2264,0.0,0.246,1.1835,0.0,inf,80.604,summer,74.54,0.9483215547703181,1.1777083023175028,0.8592701905017439
104,Countryside,1.0,0.0,1.0,True,0.2153,0.2088,0.2528,1.0533,0.0,inf,89.012,summer,64.96,Countryside,False,0.2281,0.0,0.2499,1.1657,0.0,inf,80.604,summer,74.54,0.9438842612889083,1.104312441069922,0.8714784008585993
105,Countryside,1.0,0.25,0.0,True,0.2135,0.1971,0.4912,1.5205,0.7736,23.3479,134.312,summer,118.06,Countryside,False,0.2478,0.0,0.5215,1.8406,0.7253,34.9053,147.592,summer,139.26,0.8615819209039548,0.910022223426744,0.8477667671980469
106,Countryside,1.0,0.25,0.25,True,0.2141,0.1978,0.4966,1.4758,0.7734,23.5701,146.232,summer,119.02,Countryside,False,0.2499,0.0,0.5258,1.7954,0.7253,34.9078,147.604,summer,139.22,0.8567426970788315,0.990704858946912,0.8549059043240913
107,Countryside,1.0,0.25,0.5,True,0.2135,0.1869,0.5004,1.4129,0.7727,23.762,153.31199999999998,summer,117.47,Countryside,False,0.2509,0.0,0.5285,1.7253,0.7253,34.9078,147.604,summer,138.74,0.8509366281387006,1.0386710387252376,0.846691653452501
108,Countryside,1.0,0.25,0.75,True,0.2109,0.1758,0.4944,1.3018,0.7731,23.8118,209.556,summer,129.26,Countryside,False,0.2484,0.0,0.5249,1.6802,0.7253,34.9078,147.604,summer,138.32,0.8490338164251208,1.4197176228286497,0.9344997108155003
109,Countryside,1.0,0.25,1.0,True,0.2121,0.1758,0.4966,1.3148,0.7713,23.7654,166.60399999999998,summer,121.28,Countryside,False,0.2489,0.0,0.5288,1.6624,0.7253,34.9078,147.604,summer,138.32,0.8521494576134994,1.1287227988401396,0.8768074031231926
110,Countryside,1.0,0.5,0.0,True,0.2196,0.1858,0.5281,1.4205,1.1442,15.2873,129.772,summer,116.31,Countryside,False,0.2555,0.0,0.5721,1.7443,1.0713,26.0491,147.264,summer,138.83,0.859491193737769,0.8812201216862232,0.8377872217820356
111,Countryside,1.0,0.5,0.25,True,0.2182,0.1854,0.534,1.3382,1.1458,15.8437,172.28799999999998,summer,128.08,Countryside,False,0.2574,0.0,0.5764,1.7016,1.0713,26.051,147.276,summer,138.79,0.8477078477078477,1.1698307938835926,0.9228330571366815
112,Countryside,1.0,0.5,0.5,True,0.2219,0.1817,0.5382,1.294,1.1453,15.9766,202.068,summer,122.69,Countryside,False,0.259,0.0,0.5808,1.6371,1.0713,26.051,147.068,summer,138.3,0.8567567567567567,1.3739766638561755,0.8871294287780187
113,Countryside,1.0,0.5,0.75,True,0.2202,0.1746,0.5399,1.2478,1.1433,15.9361,168.89999999999998,summer,121.78,Countryside,False,0.2567,0.0,0.5771,1.5956,1.0713,26.051,147.068,summer,137.9,0.8578106739384497,1.148448336823782,0.8831036983321247
114,Countryside,1.0,0.5,1.0,True,0.2217,0.1656,0.5459,1.2531,1.1475,15.9512,174.23999999999998,summer,113.34,Countryside,False,0.2569,0.0,0.581,1.58,1.0713,26.051,147.068,summer,137.9,0.8629817049435577,1.1847580710963634,0.8218999274836838
115,Countryside,1.0,0.75,0.0,True,0.2226,0.1556,0.5575,1.1628,1.9132,5.7727,174.172,summer,121.68,Countryside,False,0.2544,0.0,0.6256,1.4724,1.7853,8.9857,147.264,summer,138.4,0.8749999999999999,1.1827194697957408,0.8791907514450867
116,Countryside,1.0,0.75,0.25,True,0.2246,0.158,0.56,1.1836,1.913,5.8327,139.15200000000002,summer,113.75,Countryside,False,0.256,0.0,0.6298,1.4398,1.7854,8.9863,147.276,summer,138.35,0.87734375,0.9448382628534181,0.8221900975786051
117,Countryside,1.0,0.75,0.5,True,0.2263,0.1567,0.5669,1.1277,1.9124,5.8658,146.16,summer,117.44,Countryside,False,0.2572,0.0,0.6342,1.3912,1.7854,8.9863,147.068,summer,137.77,0.8798600311041991,0.9938259852585197,0.8524352181171517
118,Countryside,1.0,0.75,0.75,True,0.2267,0.1509,0.5751,1.0632,1.9155,6.357,192.752,summer,125.92,Countryside,False,0.257,0.0,0.6357,1.3612,1.7854,8.9863,147.068,summer,137.23,0.8821011673151751,1.3106318165746458,0.9175836187422576
119,Countryside,1.0,0.75,1.0,True,0.2273,0.1496,0.5761,1.072,1.916,6.3441,169.96,summer,120.64,Countryside,False,0.2571,0.0,0.6396,1.3503,1.7854,8.9863,147.068,summer,137.23,0.8840917930766239,1.1556558870726465,0.8791080667492531
120,Countryside,1.0,1.0,0.0,True,0.2262,0.1462,0.5761,1.13,2.2042,4.4471,-150.144,winter,114.84,Countryside,False,0.2552,0.0,0.6496,1.3996,2.0498,7.1997,147.264,summer,137.96,0.8863636363636365,1.0195567144719686,0.8324151928095099
121,Countryside,1.0,1.0,0.25,True,0.2253,0.1481,0.5739,1.0912,2.2043,4.5136,154.49200000000002,summer,120.83,Countryside,False,0.2567,0.0,0.6539,1.3698,2.05,7.2002,147.276,summer,137.91,0.8776782236073237,1.0489964420543743,0.8761511130447394
122,Countryside,1.0,1.0,0.5,True,0.2279,0.1477,0.5833,1.0538,2.2025,4.5201,153.1,summer,120.59,Countryside,False,0.2579,0.0,0.6583,1.3251,2.05,7.2002,147.068,summer,137.33,0.8836758433501356,1.0410150406614627,0.8781038374717832
123,Countryside,1.0,1.0,0.75,True,0.228,0.1445,0.5852,0.9922,2.2078,4.7748,188.936,summer,131.83,Countryside,False,0.2576,0.0,0.6599,1.2975,2.05,7.2002,147.068,summer,136.79,0.8850931677018634,1.2846846356787336,0.96374003947657
124,Countryside,1.0,1.0,1.0,True,0.2287,0.147,0.5884,1.0087,2.2082,4.7651,163.912,summer,124.25,Countryside,False,0.258,0.0,0.6648,1.2876,2.05,7.2002,147.068,summer,136.79,0.8864341085271317,1.1145320531998804,0.9083266320637474
